--------------------------------------------------------
--  파일이 생성됨 - 수요일-9월-06-2023   
--------------------------------------------------------
--------------------------------------------------------
--  DDL for Table ASSIGNMENT
--------------------------------------------------------

  CREATE TABLE "연습용"."ASSIGNMENT" 
   (	"GUIDENM" NUMBER(*,0), 
	"STUDENTID" CHAR(7 BYTE), 
	"EMPLOYEEID" CHAR(7 BYTE), 
	"CONFIRMED" CHAR(1 BYTE) DEFAULT 'N'
   ) SEGMENT CREATION IMMEDIATE 
  PCTFREE 10 PCTUSED 40 INITRANS 1 MAXTRANS 255 NOCOMPRESS LOGGING
  STORAGE(INITIAL 65536 NEXT 1048576 MINEXTENTS 1 MAXEXTENTS 2147483645
  PCTINCREASE 0 FREELISTS 1 FREELIST GROUPS 1 BUFFER_POOL DEFAULT FLASH_CACHE DEFAULT CELL_FLASH_CACHE DEFAULT)
  TABLESPACE "USERS" ;
--------------------------------------------------------
--  DDL for Table DEPARTMENT
--------------------------------------------------------

  CREATE TABLE "연습용"."DEPARTMENT" 
   (	"DEPARTMENTID" CHAR(5 BYTE), 
	"DEPARTMENTNAME" VARCHAR2(10 BYTE)
   ) SEGMENT CREATION IMMEDIATE 
  PCTFREE 10 PCTUSED 40 INITRANS 1 MAXTRANS 255 NOCOMPRESS LOGGING
  STORAGE(INITIAL 65536 NEXT 1048576 MINEXTENTS 1 MAXEXTENTS 2147483645
  PCTINCREASE 0 FREELISTS 1 FREELIST GROUPS 1 BUFFER_POOL DEFAULT FLASH_CACHE DEFAULT CELL_FLASH_CACHE DEFAULT)
  TABLESPACE "USERS" ;
--------------------------------------------------------
--  DDL for Table DEPT
--------------------------------------------------------

  CREATE TABLE "연습용"."DEPT" 
   (	"DEPTID" NUMBER(*,0), 
	"NAME" VARCHAR2(20 BYTE) DEFAULT '임시부서'
   ) SEGMENT CREATION IMMEDIATE 
  PCTFREE 10 PCTUSED 40 INITRANS 1 MAXTRANS 255 NOCOMPRESS LOGGING
  STORAGE(INITIAL 65536 NEXT 1048576 MINEXTENTS 1 MAXEXTENTS 2147483645
  PCTINCREASE 0 FREELISTS 1 FREELIST GROUPS 1 BUFFER_POOL DEFAULT FLASH_CACHE DEFAULT CELL_FLASH_CACHE DEFAULT)
  TABLESPACE "USERS" ;
--------------------------------------------------------
--  DDL for Table EMP
--------------------------------------------------------

  CREATE TABLE "연습용"."EMP" 
   (	"EMPID" NUMBER(*,0), 
	"NAME" VARCHAR2(20 BYTE) DEFAULT '이름없음', 
	"SALARY" NUMBER(*,0) DEFAULT NULL, 
	"DEPTID" NUMBER(*,0) DEFAULT 103
   ) SEGMENT CREATION IMMEDIATE 
  PCTFREE 10 PCTUSED 40 INITRANS 1 MAXTRANS 255 NOCOMPRESS LOGGING
  STORAGE(INITIAL 65536 NEXT 1048576 MINEXTENTS 1 MAXEXTENTS 2147483645
  PCTINCREASE 0 FREELISTS 1 FREELIST GROUPS 1 BUFFER_POOL DEFAULT FLASH_CACHE DEFAULT CELL_FLASH_CACHE DEFAULT)
  TABLESPACE "USERS" ;
--------------------------------------------------------
--  DDL for Table ENROLLMENT
--------------------------------------------------------

  CREATE TABLE "연습용"."ENROLLMENT" 
   (	"ENROLLID" CHAR(5 BYTE), 
	"STUDENTID" CHAR(7 BYTE), 
	"SUBJECTID" CHAR(5 BYTE)
   ) SEGMENT CREATION IMMEDIATE 
  PCTFREE 10 PCTUSED 40 INITRANS 1 MAXTRANS 255 NOCOMPRESS LOGGING
  STORAGE(INITIAL 65536 NEXT 1048576 MINEXTENTS 1 MAXEXTENTS 2147483645
  PCTINCREASE 0 FREELISTS 1 FREELIST GROUPS 1 BUFFER_POOL DEFAULT FLASH_CACHE DEFAULT CELL_FLASH_CACHE DEFAULT)
  TABLESPACE "USERS" ;
--------------------------------------------------------
--  DDL for Table PROFESSOR
--------------------------------------------------------

  CREATE TABLE "연습용"."PROFESSOR" 
   (	"EMPLOYEEID" CHAR(7 BYTE), 
	"NAME" VARCHAR2(10 BYTE), 
	"DEPARTMENTID" CHAR(5 BYTE), 
	"STUDENTID" CHAR(7 BYTE)
   ) SEGMENT CREATION IMMEDIATE 
  PCTFREE 10 PCTUSED 40 INITRANS 1 MAXTRANS 255 NOCOMPRESS LOGGING
  STORAGE(INITIAL 65536 NEXT 1048576 MINEXTENTS 1 MAXEXTENTS 2147483645
  PCTINCREASE 0 FREELISTS 1 FREELIST GROUPS 1 BUFFER_POOL DEFAULT FLASH_CACHE DEFAULT CELL_FLASH_CACHE DEFAULT)
  TABLESPACE "USERS" ;
--------------------------------------------------------
--  DDL for Table STUDENT
--------------------------------------------------------

  CREATE TABLE "연습용"."STUDENT" 
   (	"STUDENTID" CHAR(7 BYTE), 
	"NAME" VARCHAR2(10 BYTE), 
	"DEPARTMENTID" CHAR(5 BYTE), 
	"EMPLOYEEID" CHAR(7 BYTE)
   ) SEGMENT CREATION IMMEDIATE 
  PCTFREE 10 PCTUSED 40 INITRANS 1 MAXTRANS 255 NOCOMPRESS LOGGING
  STORAGE(INITIAL 65536 NEXT 1048576 MINEXTENTS 1 MAXEXTENTS 2147483645
  PCTINCREASE 0 FREELISTS 1 FREELIST GROUPS 1 BUFFER_POOL DEFAULT FLASH_CACHE DEFAULT CELL_FLASH_CACHE DEFAULT)
  TABLESPACE "USERS" ;
--------------------------------------------------------
--  DDL for Table STUDENTSCORE
--------------------------------------------------------

  CREATE TABLE "연습용"."STUDENTSCORE" 
   (	"STUDENTID" CHAR(7 BYTE), 
	"SCORE" NUMBER(*,0)
   ) SEGMENT CREATION IMMEDIATE 
  PCTFREE 10 PCTUSED 40 INITRANS 1 MAXTRANS 255 NOCOMPRESS LOGGING
  STORAGE(INITIAL 65536 NEXT 1048576 MINEXTENTS 1 MAXEXTENTS 2147483645
  PCTINCREASE 0 FREELISTS 1 FREELIST GROUPS 1 BUFFER_POOL DEFAULT FLASH_CACHE DEFAULT CELL_FLASH_CACHE DEFAULT)
  TABLESPACE "USERS" ;
--------------------------------------------------------
--  DDL for Table SUBJECT
--------------------------------------------------------

  CREATE TABLE "연습용"."SUBJECT" 
   (	"SUBJECTID" CHAR(6 BYTE), 
	"NAME" VARCHAR2(20 BYTE)
   ) SEGMENT CREATION IMMEDIATE 
  PCTFREE 10 PCTUSED 40 INITRANS 1 MAXTRANS 255 NOCOMPRESS LOGGING
  STORAGE(INITIAL 65536 NEXT 1048576 MINEXTENTS 1 MAXEXTENTS 2147483645
  PCTINCREASE 0 FREELISTS 1 FREELIST GROUPS 1 BUFFER_POOL DEFAULT FLASH_CACHE DEFAULT CELL_FLASH_CACHE DEFAULT)
  TABLESPACE "USERS" ;
--------------------------------------------------------
--  DDL for Table TEST
--------------------------------------------------------

  CREATE TABLE "연습용"."TEST" 
   (	"TESTID" VARCHAR2(20 BYTE), 
	"TESTNM" VARCHAR2(20 BYTE)
   ) SEGMENT CREATION IMMEDIATE 
  PCTFREE 10 PCTUSED 40 INITRANS 1 MAXTRANS 255 NOCOMPRESS LOGGING
  STORAGE(INITIAL 65536 NEXT 1048576 MINEXTENTS 1 MAXEXTENTS 2147483645
  PCTINCREASE 0 FREELISTS 1 FREELIST GROUPS 1 BUFFER_POOL DEFAULT FLASH_CACHE DEFAULT CELL_FLASH_CACHE DEFAULT)
  TABLESPACE "USERS" ;
--------------------------------------------------------
--  DDL for Table TESTGRADE
--------------------------------------------------------

  CREATE TABLE "연습용"."TESTGRADE" 
   (	"GRADE" CHAR(1 BYTE), 
	"LOWSCORE" NUMBER(*,0), 
	"HIGHSCORE" NUMBER(*,0)
   ) SEGMENT CREATION IMMEDIATE 
  PCTFREE 10 PCTUSED 40 INITRANS 1 MAXTRANS 255 NOCOMPRESS LOGGING
  STORAGE(INITIAL 65536 NEXT 1048576 MINEXTENTS 1 MAXEXTENTS 2147483645
  PCTINCREASE 0 FREELISTS 1 FREELIST GROUPS 1 BUFFER_POOL DEFAULT FLASH_CACHE DEFAULT CELL_FLASH_CACHE DEFAULT)
  TABLESPACE "USERS" ;
REM INSERTING into 연습용.ASSIGNMENT
SET DEFINE OFF;
Insert into 연습용.ASSIGNMENT (GUIDENM,STUDENTID,EMPLOYEEID,CONFIRMED) values (1,'1234568','1234567',null);
Insert into 연습용.ASSIGNMENT (GUIDENM,STUDENTID,EMPLOYEEID,CONFIRMED) values (2,'1234567','1212345',null);
Insert into 연습용.ASSIGNMENT (GUIDENM,STUDENTID,EMPLOYEEID,CONFIRMED) values (3,'1234569','1234567',null);
Insert into 연습용.ASSIGNMENT (GUIDENM,STUDENTID,EMPLOYEEID,CONFIRMED) values (4,'1234510','1212345',null);
Insert into 연습용.ASSIGNMENT (GUIDENM,STUDENTID,EMPLOYEEID,CONFIRMED) values (5,'1234610','1234567',null);
Insert into 연습용.ASSIGNMENT (GUIDENM,STUDENTID,EMPLOYEEID,CONFIRMED) values (6,'2345678','1212345',null);
Insert into 연습용.ASSIGNMENT (GUIDENM,STUDENTID,EMPLOYEEID,CONFIRMED) values (7,'2345671','1212345',null);
Insert into 연습용.ASSIGNMENT (GUIDENM,STUDENTID,EMPLOYEEID,CONFIRMED) values (8,'2345672','1234567',null);
Insert into 연습용.ASSIGNMENT (GUIDENM,STUDENTID,EMPLOYEEID,CONFIRMED) values (9,'2345673','1212345',null);
Insert into 연습용.ASSIGNMENT (GUIDENM,STUDENTID,EMPLOYEEID,CONFIRMED) values (10,'2345674','1234567',null);
Insert into 연습용.ASSIGNMENT (GUIDENM,STUDENTID,EMPLOYEEID,CONFIRMED) values (11,'3345678','1212345',null);
Insert into 연습용.ASSIGNMENT (GUIDENM,STUDENTID,EMPLOYEEID,CONFIRMED) values (12,'3345671','1212346',null);
Insert into 연습용.ASSIGNMENT (GUIDENM,STUDENTID,EMPLOYEEID,CONFIRMED) values (13,'3345672','1212346',null);
Insert into 연습용.ASSIGNMENT (GUIDENM,STUDENTID,EMPLOYEEID,CONFIRMED) values (14,'3345673','1234567',null);
Insert into 연습용.ASSIGNMENT (GUIDENM,STUDENTID,EMPLOYEEID,CONFIRMED) values (15,'3345674','1212346',null);
Insert into 연습용.ASSIGNMENT (GUIDENM,STUDENTID,EMPLOYEEID,CONFIRMED) values (16,'4345678','1212346',null);
Insert into 연습용.ASSIGNMENT (GUIDENM,STUDENTID,EMPLOYEEID,CONFIRMED) values (17,'4345671','1212346',null);
Insert into 연습용.ASSIGNMENT (GUIDENM,STUDENTID,EMPLOYEEID,CONFIRMED) values (18,'4345672','1234567',null);
Insert into 연습용.ASSIGNMENT (GUIDENM,STUDENTID,EMPLOYEEID,CONFIRMED) values (19,'4345674','1212346',null);
Insert into 연습용.ASSIGNMENT (GUIDENM,STUDENTID,EMPLOYEEID,CONFIRMED) values (20,'4345675','1212346',null);
REM INSERTING into 연습용.DEPARTMENT
SET DEFINE OFF;
Insert into 연습용.DEPARTMENT (DEPARTMENTID,DEPARTMENTNAME) values ('10001','컴퓨터');
Insert into 연습용.DEPARTMENT (DEPARTMENTID,DEPARTMENTNAME) values ('20001','전기');
Insert into 연습용.DEPARTMENT (DEPARTMENTID,DEPARTMENTNAME) values ('30001','스포츠');
REM INSERTING into 연습용.DEPT
SET DEFINE OFF;
Insert into 연습용.DEPT (DEPTID,NAME) values (100,'인사팀');
Insert into 연습용.DEPT (DEPTID,NAME) values (200,'회계팀');
Insert into 연습용.DEPT (DEPTID,NAME) values (300,'영업팀');
REM INSERTING into 연습용.EMP
SET DEFINE OFF;
Insert into 연습용.EMP (EMPID,NAME,SALARY,DEPTID) values (123457,'박길동1',200,100);
Insert into 연습용.EMP (EMPID,NAME,SALARY,DEPTID) values (123456,'홍길동1',100,100);
Insert into 연습용.EMP (EMPID,NAME,SALARY,DEPTID) values (234567,'홍길동2',350,200);
Insert into 연습용.EMP (EMPID,NAME,SALARY,DEPTID) values (234568,'박길동2',400,200);
Insert into 연습용.EMP (EMPID,NAME,SALARY,DEPTID) values (345678,'홍길동3',500,300);
Insert into 연습용.EMP (EMPID,NAME,SALARY,DEPTID) values (345679,'박길동3',600,300);
Insert into 연습용.EMP (EMPID,NAME,SALARY,DEPTID) values (200,'홍길동5',300,200);
Insert into 연습용.EMP (EMPID,NAME,SALARY,DEPTID) values (201,'홍길동6',650,100);
REM INSERTING into 연습용.ENROLLMENT
SET DEFINE OFF;
Insert into 연습용.ENROLLMENT (ENROLLID,STUDENTID,SUBJECTID) values ('12345','1234567','20001');
Insert into 연습용.ENROLLMENT (ENROLLID,STUDENTID,SUBJECTID) values ('11120','1234568','10001');
Insert into 연습용.ENROLLMENT (ENROLLID,STUDENTID,SUBJECTID) values ('11121','1234567','20001');
Insert into 연습용.ENROLLMENT (ENROLLID,STUDENTID,SUBJECTID) values ('11122','1234569','30001');
Insert into 연습용.ENROLLMENT (ENROLLID,STUDENTID,SUBJECTID) values ('11123','1234510','40001');
Insert into 연습용.ENROLLMENT (ENROLLID,STUDENTID,SUBJECTID) values ('11124','1234610','50001');
Insert into 연습용.ENROLLMENT (ENROLLID,STUDENTID,SUBJECTID) values ('11125','2345678','60001');
Insert into 연습용.ENROLLMENT (ENROLLID,STUDENTID,SUBJECTID) values ('11126','2345671','10001');
Insert into 연습용.ENROLLMENT (ENROLLID,STUDENTID,SUBJECTID) values ('11127','2345672','20001');
Insert into 연습용.ENROLLMENT (ENROLLID,STUDENTID,SUBJECTID) values ('11128','2345673','30001');
Insert into 연습용.ENROLLMENT (ENROLLID,STUDENTID,SUBJECTID) values ('11129','2345674','40001');
Insert into 연습용.ENROLLMENT (ENROLLID,STUDENTID,SUBJECTID) values ('11130','3345678','50001');
Insert into 연습용.ENROLLMENT (ENROLLID,STUDENTID,SUBJECTID) values ('11131','3345671','60001');
Insert into 연습용.ENROLLMENT (ENROLLID,STUDENTID,SUBJECTID) values ('11132','3345672','10001');
Insert into 연습용.ENROLLMENT (ENROLLID,STUDENTID,SUBJECTID) values ('11133','3345673','20001');
Insert into 연습용.ENROLLMENT (ENROLLID,STUDENTID,SUBJECTID) values ('11134','3345674','30001');
Insert into 연습용.ENROLLMENT (ENROLLID,STUDENTID,SUBJECTID) values ('11135','4345678','40001');
Insert into 연습용.ENROLLMENT (ENROLLID,STUDENTID,SUBJECTID) values ('11136','4345671','50001');
Insert into 연습용.ENROLLMENT (ENROLLID,STUDENTID,SUBJECTID) values ('11137','4345672','10001');
Insert into 연습용.ENROLLMENT (ENROLLID,STUDENTID,SUBJECTID) values ('11139','4345674','20001');
Insert into 연습용.ENROLLMENT (ENROLLID,STUDENTID,SUBJECTID) values ('11140','4345675','30001');
REM INSERTING into 연습용.PROFESSOR
SET DEFINE OFF;
Insert into 연습용.PROFESSOR (EMPLOYEEID,NAME,DEPARTMENTID,STUDENTID) values ('1234567','김길동','10001','1234568');
Insert into 연습용.PROFESSOR (EMPLOYEEID,NAME,DEPARTMENTID,STUDENTID) values ('1212345','장영실','20001','1234569');
Insert into 연습용.PROFESSOR (EMPLOYEEID,NAME,DEPARTMENTID,STUDENTID) values ('1212346','박문수','30001','1234570');
Insert into 연습용.PROFESSOR (EMPLOYEEID,NAME,DEPARTMENTID,STUDENTID) values ('4567789','홍길동','10001','1234567');
Insert into 연습용.PROFESSOR (EMPLOYEEID,NAME,DEPARTMENTID,STUDENTID) values ('1234567','김길동','10001','1234510');
REM INSERTING into 연습용.STUDENT
SET DEFINE OFF;
Insert into 연습용.STUDENT (STUDENTID,NAME,DEPARTMENTID,EMPLOYEEID) values ('1234568','김길동','10001',null);
Insert into 연습용.STUDENT (STUDENTID,NAME,DEPARTMENTID,EMPLOYEEID) values ('1234567','홍길동','10001',null);
Insert into 연습용.STUDENT (STUDENTID,NAME,DEPARTMENTID,EMPLOYEEID) values ('1234569','박길동','10001',null);
Insert into 연습용.STUDENT (STUDENTID,NAME,DEPARTMENTID,EMPLOYEEID) values ('1234510','외래키','10001',null);
Insert into 연습용.STUDENT (STUDENTID,NAME,DEPARTMENTID,EMPLOYEEID) values ('1234610','제약해','20001',null);
Insert into 연습용.STUDENT (STUDENTID,NAME,DEPARTMENTID,EMPLOYEEID) values ('2345678','이름1','20001',null);
Insert into 연습용.STUDENT (STUDENTID,NAME,DEPARTMENTID,EMPLOYEEID) values ('2345671','이름2','10001',null);
Insert into 연습용.STUDENT (STUDENTID,NAME,DEPARTMENTID,EMPLOYEEID) values ('2345672','이름3','20001',null);
Insert into 연습용.STUDENT (STUDENTID,NAME,DEPARTMENTID,EMPLOYEEID) values ('2345673','이름4','10001',null);
Insert into 연습용.STUDENT (STUDENTID,NAME,DEPARTMENTID,EMPLOYEEID) values ('2345674','이름5','20001',null);
Insert into 연습용.STUDENT (STUDENTID,NAME,DEPARTMENTID,EMPLOYEEID) values ('3345678','이름6','20001',null);
Insert into 연습용.STUDENT (STUDENTID,NAME,DEPARTMENTID,EMPLOYEEID) values ('3345671','이름7','10001',null);
Insert into 연습용.STUDENT (STUDENTID,NAME,DEPARTMENTID,EMPLOYEEID) values ('3345672','이름8','20001',null);
Insert into 연습용.STUDENT (STUDENTID,NAME,DEPARTMENTID,EMPLOYEEID) values ('3345673','이름9','10001',null);
Insert into 연습용.STUDENT (STUDENTID,NAME,DEPARTMENTID,EMPLOYEEID) values ('3345674','이름10','20001',null);
Insert into 연습용.STUDENT (STUDENTID,NAME,DEPARTMENTID,EMPLOYEEID) values ('4345678','철수6','20001',null);
Insert into 연습용.STUDENT (STUDENTID,NAME,DEPARTMENTID,EMPLOYEEID) values ('4345671','철수7','10001',null);
Insert into 연습용.STUDENT (STUDENTID,NAME,DEPARTMENTID,EMPLOYEEID) values ('4345672','철수8','20001',null);
Insert into 연습용.STUDENT (STUDENTID,NAME,DEPARTMENTID,EMPLOYEEID) values ('4345673','철수9','10001',null);
Insert into 연습용.STUDENT (STUDENTID,NAME,DEPARTMENTID,EMPLOYEEID) values ('4345674','철수10','20001',null);
Insert into 연습용.STUDENT (STUDENTID,NAME,DEPARTMENTID,EMPLOYEEID) values ('4345675','특별한1','30001',null);
REM INSERTING into 연습용.STUDENTSCORE
SET DEFINE OFF;
Insert into 연습용.STUDENTSCORE (STUDENTID,SCORE) values ('1234567',85);
Insert into 연습용.STUDENTSCORE (STUDENTID,SCORE) values ('7654321',92);
REM INSERTING into 연습용.SUBJECT
SET DEFINE OFF;
Insert into 연습용.SUBJECT (SUBJECTID,NAME) values ('20001 ','데이터베이스');
Insert into 연습용.SUBJECT (SUBJECTID,NAME) values ('10001 ','자바PRG');
Insert into 연습용.SUBJECT (SUBJECTID,NAME) values ('30001 ','HTML/CSS');
Insert into 연습용.SUBJECT (SUBJECTID,NAME) values ('40001 ','자바스크립트');
Insert into 연습용.SUBJECT (SUBJECTID,NAME) values ('50001 ','스프링');
Insert into 연습용.SUBJECT (SUBJECTID,NAME) values ('60001 ','서블릿');
REM INSERTING into 연습용.TEST
SET DEFINE OFF;
Insert into 연습용.TEST (TESTID,TESTNM) values ('1','nm1');
REM INSERTING into 연습용.TESTGRADE
SET DEFINE OFF;
Insert into 연습용.TESTGRADE (GRADE,LOWSCORE,HIGHSCORE) values ('S',90,100);
Insert into 연습용.TESTGRADE (GRADE,LOWSCORE,HIGHSCORE) values ('A',80,90);
Insert into 연습용.TESTGRADE (GRADE,LOWSCORE,HIGHSCORE) values ('B',70,80);
Insert into 연습용.TESTGRADE (GRADE,LOWSCORE,HIGHSCORE) values ('C',60,70);
--------------------------------------------------------
--  DDL for Index DEPARTMENT_PK
--------------------------------------------------------

  CREATE UNIQUE INDEX "연습용"."DEPARTMENT_PK" ON "연습용"."DEPARTMENT" ("DEPARTMENTID") 
  PCTFREE 10 INITRANS 2 MAXTRANS 255 COMPUTE STATISTICS 
  STORAGE(INITIAL 65536 NEXT 1048576 MINEXTENTS 1 MAXEXTENTS 2147483645
  PCTINCREASE 0 FREELISTS 1 FREELIST GROUPS 1 BUFFER_POOL DEFAULT FLASH_CACHE DEFAULT CELL_FLASH_CACHE DEFAULT)
  TABLESPACE "USERS" ;
--------------------------------------------------------
--  DDL for Index DEPT_PK
--------------------------------------------------------

  CREATE UNIQUE INDEX "연습용"."DEPT_PK" ON "연습용"."DEPT" ("DEPTID") 
  PCTFREE 10 INITRANS 2 MAXTRANS 255 COMPUTE STATISTICS 
  STORAGE(INITIAL 65536 NEXT 1048576 MINEXTENTS 1 MAXEXTENTS 2147483645
  PCTINCREASE 0 FREELISTS 1 FREELIST GROUPS 1 BUFFER_POOL DEFAULT FLASH_CACHE DEFAULT CELL_FLASH_CACHE DEFAULT)
  TABLESPACE "USERS" ;
--------------------------------------------------------
--  DDL for Index EMP_PK
--------------------------------------------------------

  CREATE UNIQUE INDEX "연습용"."EMP_PK" ON "연습용"."EMP" ("EMPID") 
  PCTFREE 10 INITRANS 2 MAXTRANS 255 
  STORAGE(INITIAL 65536 NEXT 1048576 MINEXTENTS 1 MAXEXTENTS 2147483645
  PCTINCREASE 0 FREELISTS 1 FREELIST GROUPS 1 BUFFER_POOL DEFAULT FLASH_CACHE DEFAULT CELL_FLASH_CACHE DEFAULT)
  TABLESPACE "USERS" ;
--------------------------------------------------------
--  DDL for Index EMP_NAME_IDX
--------------------------------------------------------

  CREATE INDEX "연습용"."EMP_NAME_IDX" ON "연습용"."EMP" ("NAME") 
  PCTFREE 10 INITRANS 2 MAXTRANS 255 COMPUTE STATISTICS 
  STORAGE(INITIAL 65536 NEXT 1048576 MINEXTENTS 1 MAXEXTENTS 2147483645
  PCTINCREASE 0 FREELISTS 1 FREELIST GROUPS 1 BUFFER_POOL DEFAULT FLASH_CACHE DEFAULT CELL_FLASH_CACHE DEFAULT)
  TABLESPACE "USERS" ;
--------------------------------------------------------
--  DDL for Index ENROLLMENT_PK
--------------------------------------------------------

  CREATE UNIQUE INDEX "연습용"."ENROLLMENT_PK" ON "연습용"."ENROLLMENT" ("ENROLLID") 
  PCTFREE 10 INITRANS 2 MAXTRANS 255 
  STORAGE(INITIAL 65536 NEXT 1048576 MINEXTENTS 1 MAXEXTENTS 2147483645
  PCTINCREASE 0 FREELISTS 1 FREELIST GROUPS 1 BUFFER_POOL DEFAULT FLASH_CACHE DEFAULT CELL_FLASH_CACHE DEFAULT)
  TABLESPACE "USERS" ;
--------------------------------------------------------
--  DDL for Index PROFESSOR_PK
--------------------------------------------------------

  CREATE UNIQUE INDEX "연습용"."PROFESSOR_PK" ON "연습용"."PROFESSOR" ("EMPLOYEEID", "STUDENTID") 
  PCTFREE 10 INITRANS 2 MAXTRANS 255 COMPUTE STATISTICS 
  STORAGE(INITIAL 65536 NEXT 1048576 MINEXTENTS 1 MAXEXTENTS 2147483645
  PCTINCREASE 0 FREELISTS 1 FREELIST GROUPS 1 BUFFER_POOL DEFAULT FLASH_CACHE DEFAULT CELL_FLASH_CACHE DEFAULT)
  TABLESPACE "USERS" ;
--------------------------------------------------------
--  DDL for Index STUDENT_PK
--------------------------------------------------------

  CREATE UNIQUE INDEX "연습용"."STUDENT_PK" ON "연습용"."STUDENT" ("STUDENTID") 
  PCTFREE 10 INITRANS 2 MAXTRANS 255 
  STORAGE(INITIAL 65536 NEXT 1048576 MINEXTENTS 1 MAXEXTENTS 2147483645
  PCTINCREASE 0 FREELISTS 1 FREELIST GROUPS 1 BUFFER_POOL DEFAULT FLASH_CACHE DEFAULT CELL_FLASH_CACHE DEFAULT)
  TABLESPACE "USERS" ;
--------------------------------------------------------
--  DDL for Index STUDENTSCORE_PK
--------------------------------------------------------

  CREATE UNIQUE INDEX "연습용"."STUDENTSCORE_PK" ON "연습용"."STUDENTSCORE" ("STUDENTID") 
  PCTFREE 10 INITRANS 2 MAXTRANS 255 
  STORAGE(INITIAL 65536 NEXT 1048576 MINEXTENTS 1 MAXEXTENTS 2147483645
  PCTINCREASE 0 FREELISTS 1 FREELIST GROUPS 1 BUFFER_POOL DEFAULT FLASH_CACHE DEFAULT CELL_FLASH_CACHE DEFAULT)
  TABLESPACE "USERS" ;
--------------------------------------------------------
--  DDL for Index SUBJECT_PK
--------------------------------------------------------

  CREATE UNIQUE INDEX "연습용"."SUBJECT_PK" ON "연습용"."SUBJECT" ("SUBJECTID") 
  PCTFREE 10 INITRANS 2 MAXTRANS 255 
  STORAGE(INITIAL 65536 NEXT 1048576 MINEXTENTS 1 MAXEXTENTS 2147483645
  PCTINCREASE 0 FREELISTS 1 FREELIST GROUPS 1 BUFFER_POOL DEFAULT FLASH_CACHE DEFAULT CELL_FLASH_CACHE DEFAULT)
  TABLESPACE "USERS" ;
--------------------------------------------------------
--  DDL for Index TEST_PK
--------------------------------------------------------

  CREATE UNIQUE INDEX "연습용"."TEST_PK" ON "연습용"."TEST" ("TESTID") 
  PCTFREE 10 INITRANS 2 MAXTRANS 255 
  STORAGE(INITIAL 65536 NEXT 1048576 MINEXTENTS 1 MAXEXTENTS 2147483645
  PCTINCREASE 0 FREELISTS 1 FREELIST GROUPS 1 BUFFER_POOL DEFAULT FLASH_CACHE DEFAULT CELL_FLASH_CACHE DEFAULT)
  TABLESPACE "USERS" ;
--------------------------------------------------------
--  DDL for Index TESTGRADE_PK
--------------------------------------------------------

  CREATE UNIQUE INDEX "연습용"."TESTGRADE_PK" ON "연습용"."TESTGRADE" ("GRADE") 
  PCTFREE 10 INITRANS 2 MAXTRANS 255 
  STORAGE(INITIAL 65536 NEXT 1048576 MINEXTENTS 1 MAXEXTENTS 2147483645
  PCTINCREASE 0 FREELISTS 1 FREELIST GROUPS 1 BUFFER_POOL DEFAULT FLASH_CACHE DEFAULT CELL_FLASH_CACHE DEFAULT)
  TABLESPACE "USERS" ;
--------------------------------------------------------
--  Constraints for Table ASSIGNMENT
--------------------------------------------------------

  ALTER TABLE "연습용"."ASSIGNMENT" MODIFY ("STUDENTID" NOT NULL ENABLE);
  ALTER TABLE "연습용"."ASSIGNMENT" MODIFY ("EMPLOYEEID" NOT NULL ENABLE);
--------------------------------------------------------
--  Constraints for Table DEPARTMENT
--------------------------------------------------------

  ALTER TABLE "연습용"."DEPARTMENT" ADD CONSTRAINT "DEPARTMENT_PK" PRIMARY KEY ("DEPARTMENTID")
  USING INDEX PCTFREE 10 INITRANS 2 MAXTRANS 255 COMPUTE STATISTICS 
  STORAGE(INITIAL 65536 NEXT 1048576 MINEXTENTS 1 MAXEXTENTS 2147483645
  PCTINCREASE 0 FREELISTS 1 FREELIST GROUPS 1 BUFFER_POOL DEFAULT FLASH_CACHE DEFAULT CELL_FLASH_CACHE DEFAULT)
  TABLESPACE "USERS"  ENABLE;
  ALTER TABLE "연습용"."DEPARTMENT" MODIFY ("DEPARTMENTNAME" NOT NULL ENABLE);
  ALTER TABLE "연습용"."DEPARTMENT" MODIFY ("DEPARTMENTID" NOT NULL ENABLE);
--------------------------------------------------------
--  Constraints for Table DEPT
--------------------------------------------------------

  ALTER TABLE "연습용"."DEPT" ADD CONSTRAINT "DEPT_PK" PRIMARY KEY ("DEPTID")
  USING INDEX PCTFREE 10 INITRANS 2 MAXTRANS 255 COMPUTE STATISTICS 
  STORAGE(INITIAL 65536 NEXT 1048576 MINEXTENTS 1 MAXEXTENTS 2147483645
  PCTINCREASE 0 FREELISTS 1 FREELIST GROUPS 1 BUFFER_POOL DEFAULT FLASH_CACHE DEFAULT CELL_FLASH_CACHE DEFAULT)
  TABLESPACE "USERS"  ENABLE;
  ALTER TABLE "연습용"."DEPT" MODIFY ("DEPTID" NOT NULL ENABLE);
--------------------------------------------------------
--  Constraints for Table EMP
--------------------------------------------------------

  ALTER TABLE "연습용"."EMP" ADD CONSTRAINT "EMP_CHK1" CHECK (SALARY >= 100) ENABLE;
  ALTER TABLE "연습용"."EMP" ADD CONSTRAINT "EMP_PK" PRIMARY KEY ("EMPID")
  USING INDEX PCTFREE 10 INITRANS 2 MAXTRANS 255 
  STORAGE(INITIAL 65536 NEXT 1048576 MINEXTENTS 1 MAXEXTENTS 2147483645
  PCTINCREASE 0 FREELISTS 1 FREELIST GROUPS 1 BUFFER_POOL DEFAULT FLASH_CACHE DEFAULT CELL_FLASH_CACHE DEFAULT)
  TABLESPACE "USERS"  ENABLE;
  ALTER TABLE "연습용"."EMP" MODIFY ("EMPID" NOT NULL ENABLE);
--------------------------------------------------------
--  Constraints for Table ENROLLMENT
--------------------------------------------------------

  ALTER TABLE "연습용"."ENROLLMENT" ADD CONSTRAINT "ENROLLMENT_PK" PRIMARY KEY ("ENROLLID")
  USING INDEX PCTFREE 10 INITRANS 2 MAXTRANS 255 
  STORAGE(INITIAL 65536 NEXT 1048576 MINEXTENTS 1 MAXEXTENTS 2147483645
  PCTINCREASE 0 FREELISTS 1 FREELIST GROUPS 1 BUFFER_POOL DEFAULT FLASH_CACHE DEFAULT CELL_FLASH_CACHE DEFAULT)
  TABLESPACE "USERS"  ENABLE;
  ALTER TABLE "연습용"."ENROLLMENT" MODIFY ("SUBJECTID" NOT NULL ENABLE);
  ALTER TABLE "연습용"."ENROLLMENT" MODIFY ("STUDENTID" NOT NULL ENABLE);
  ALTER TABLE "연습용"."ENROLLMENT" MODIFY ("ENROLLID" NOT NULL ENABLE);
--------------------------------------------------------
--  Constraints for Table PROFESSOR
--------------------------------------------------------

  ALTER TABLE "연습용"."PROFESSOR" ADD CONSTRAINT "PROFESSOR_PK" PRIMARY KEY ("EMPLOYEEID", "STUDENTID")
  USING INDEX PCTFREE 10 INITRANS 2 MAXTRANS 255 COMPUTE STATISTICS 
  STORAGE(INITIAL 65536 NEXT 1048576 MINEXTENTS 1 MAXEXTENTS 2147483645
  PCTINCREASE 0 FREELISTS 1 FREELIST GROUPS 1 BUFFER_POOL DEFAULT FLASH_CACHE DEFAULT CELL_FLASH_CACHE DEFAULT)
  TABLESPACE "USERS"  ENABLE;
  ALTER TABLE "연습용"."PROFESSOR" MODIFY ("STUDENTID" NOT NULL ENABLE);
  ALTER TABLE "연습용"."PROFESSOR" MODIFY ("DEPARTMENTID" NOT NULL ENABLE);
  ALTER TABLE "연습용"."PROFESSOR" MODIFY ("NAME" NOT NULL ENABLE);
  ALTER TABLE "연습용"."PROFESSOR" MODIFY ("EMPLOYEEID" NOT NULL ENABLE);
--------------------------------------------------------
--  Constraints for Table STUDENT
--------------------------------------------------------

  ALTER TABLE "연습용"."STUDENT" MODIFY ("NAME" NOT NULL ENABLE);
  ALTER TABLE "연습용"."STUDENT" ADD CONSTRAINT "STUDENT_PK" PRIMARY KEY ("STUDENTID")
  USING INDEX PCTFREE 10 INITRANS 2 MAXTRANS 255 
  STORAGE(INITIAL 65536 NEXT 1048576 MINEXTENTS 1 MAXEXTENTS 2147483645
  PCTINCREASE 0 FREELISTS 1 FREELIST GROUPS 1 BUFFER_POOL DEFAULT FLASH_CACHE DEFAULT CELL_FLASH_CACHE DEFAULT)
  TABLESPACE "USERS"  ENABLE;
  ALTER TABLE "연습용"."STUDENT" MODIFY ("DEPARTMENTID" NOT NULL ENABLE);
  ALTER TABLE "연습용"."STUDENT" MODIFY ("STUDENTID" NOT NULL ENABLE);
--------------------------------------------------------
--  Constraints for Table STUDENTSCORE
--------------------------------------------------------

  ALTER TABLE "연습용"."STUDENTSCORE" ADD CONSTRAINT "STUDENTSCORE_PK" PRIMARY KEY ("STUDENTID")
  USING INDEX PCTFREE 10 INITRANS 2 MAXTRANS 255 
  STORAGE(INITIAL 65536 NEXT 1048576 MINEXTENTS 1 MAXEXTENTS 2147483645
  PCTINCREASE 0 FREELISTS 1 FREELIST GROUPS 1 BUFFER_POOL DEFAULT FLASH_CACHE DEFAULT CELL_FLASH_CACHE DEFAULT)
  TABLESPACE "USERS"  ENABLE;
  ALTER TABLE "연습용"."STUDENTSCORE" MODIFY ("STUDENTID" NOT NULL ENABLE);
--------------------------------------------------------
--  Constraints for Table SUBJECT
--------------------------------------------------------

  ALTER TABLE "연습용"."SUBJECT" ADD CONSTRAINT "SUBJECT_PK" PRIMARY KEY ("SUBJECTID")
  USING INDEX PCTFREE 10 INITRANS 2 MAXTRANS 255 
  STORAGE(INITIAL 65536 NEXT 1048576 MINEXTENTS 1 MAXEXTENTS 2147483645
  PCTINCREASE 0 FREELISTS 1 FREELIST GROUPS 1 BUFFER_POOL DEFAULT FLASH_CACHE DEFAULT CELL_FLASH_CACHE DEFAULT)
  TABLESPACE "USERS"  ENABLE;
  ALTER TABLE "연습용"."SUBJECT" MODIFY ("NAME" NOT NULL ENABLE);
  ALTER TABLE "연습용"."SUBJECT" MODIFY ("SUBJECTID" NOT NULL ENABLE);
--------------------------------------------------------
--  Constraints for Table TEST
--------------------------------------------------------

  ALTER TABLE "연습용"."TEST" ADD CONSTRAINT "TEST_PK" PRIMARY KEY ("TESTID")
  USING INDEX PCTFREE 10 INITRANS 2 MAXTRANS 255 
  STORAGE(INITIAL 65536 NEXT 1048576 MINEXTENTS 1 MAXEXTENTS 2147483645
  PCTINCREASE 0 FREELISTS 1 FREELIST GROUPS 1 BUFFER_POOL DEFAULT FLASH_CACHE DEFAULT CELL_FLASH_CACHE DEFAULT)
  TABLESPACE "USERS"  ENABLE;
  ALTER TABLE "연습용"."TEST" MODIFY ("TESTNM" NOT NULL ENABLE);
  ALTER TABLE "연습용"."TEST" MODIFY ("TESTID" NOT NULL ENABLE);
--------------------------------------------------------
--  Constraints for Table TESTGRADE
--------------------------------------------------------

  ALTER TABLE "연습용"."TESTGRADE" ADD CONSTRAINT "TESTGRADE_PK" PRIMARY KEY ("GRADE")
  USING INDEX PCTFREE 10 INITRANS 2 MAXTRANS 255 
  STORAGE(INITIAL 65536 NEXT 1048576 MINEXTENTS 1 MAXEXTENTS 2147483645
  PCTINCREASE 0 FREELISTS 1 FREELIST GROUPS 1 BUFFER_POOL DEFAULT FLASH_CACHE DEFAULT CELL_FLASH_CACHE DEFAULT)
  TABLESPACE "USERS"  ENABLE;
  ALTER TABLE "연습용"."TESTGRADE" MODIFY ("GRADE" NOT NULL ENABLE);
--------------------------------------------------------
--  Ref Constraints for Table STUDENT
--------------------------------------------------------

  ALTER TABLE "연습용"."STUDENT" ADD CONSTRAINT "STUDENT_DEPARTMENT_FK1" FOREIGN KEY ("DEPARTMENTID")
	  REFERENCES "연습용"."DEPARTMENT" ("DEPARTMENTID") ENABLE;
